variance,skewness,curtosis,entropy
-1.7713,-10.7665,10.2184,-1.0043
5.1321,-0.031048,0.32616,1.1151
-2.0149,3.6874,-1.9385,-3.8918
1.4884,3.6274,3.308,0.48921
5.2868,3.257,-1.3721,1.1668
1.9476,-4.7738,8.527,-1.8668
-1.7559,11.9459,3.0946,-4.8978
3.931,1.8541,-0.023425,1.2314
-4.6338,-12.7509,16.7166,-3.2168
